oom-fix	session_014GEKTkKSE3XEmrSjd8VuGH
alleys	session_01MtXvEPL59HwaRiupLqduAU
scooters	session_01UU82zmyXQAxb3ipck6JtkE
rooftops	session_01DS3LUNutFcADthRq9EAEuP
ridges	session_01H8MXe4ANaiPqia3Pkmju9K
stadium	session_01PdB5AvZQTgUfgJikr3qXNg
service-vehicles	session_018rvLrcDCwabKpSEtt6HZcr
wilshire-deco	session_01FKYbqUNZa7PdA89zfvorXJ
reservoir	session_012hTWmKgMvRMp9XTYey6Fye
web-build	session_01MEDSnfhJh5kQxCS8czMxRG
perf-audit	session_01XfnNr6Ss2Ktud7fSDwuWBs
roadside	session_01TumKZCSACa37bDSKAVj96Q
traffic-ai	session_01CcjCpAQjgrSzJ5BYc2W7qA
driving-fx	session_01SL8298LstyhZsaFJBhD6nR
freight-trains	session_018a15zuFt9E1KKXZ1AXTbjr
street-life-2	session_01Bjmr3mze2sPL8zifQbScuS
sky	session_018YKKy99XoJK4isxiqupXrb
fwd-review-a	session_01WP7bc67T6G6e8mbrADbA6e
fwd-review-b	session_013BusWwhU5hzWfy9fft815Y
fwd-review-c	session_016foSiERHz7mgREzZeSgxAm
police-night	session_01SDVMjkv1m7UokppvZ3Lm3c
estate-night	session_01J8LkJVpxXTobiKAqL5ohbZ
shop-vinyl	session_01BsztEGZwAigdk8DDYH7meb
gate-speed	session_0121sAU3RRWTe3sLUR9ro7yN
memory-audit	session_01PfEK4FJf9kBPJC5n6ypWu9
texture-budget	session_01H12HkdcsKtFDyvYAFG34wA
load-time	session_01SBwCAjkCwoq26fex2w66tP
far-landmarks	session_011avxrKh3NdLZENYkxZp8TD
far-corners	session_01TWG8SyF8dyEN2LbFYhyBcK
occluders	session_01FJBn1R7dsoetL5rqBb6RMd
shader-warm	session_014vn6cEykYAoVqnguCHPNc3
reflection-probes	session_01T2B7v2QvFiDPvyVchAp37k
ref-cameras	session_01MWAzVreTHy1ixgpSWUbvVL
color-grade	session_01BxHwJeiuoNYVnwUpFKwzpN
street-lamps	session_01VtqVuHBurNAiPFZA3G6NHD
street-signs	session_01Nu2PkXSaZS7SnmiudnTEE2
street-furniture	session_01XCTD65CCWUttLzTEfaRkDi
road-detail	session_01Tx5sQxw8mJRLUA5iQb75vw
kerbs	session_01Tw8dvX5JWrtMXTFDrsb54x
utility-poles	session_01NgTFUWD8LZhKkXtFSJ6yAf
apartments	session_017tmC2YDcoDeR9t7gkZZWDs
historic-core	session_0186ieX7HA9LVGpmR8vJ3d1t
churches	session_01Av2J2PZDPZdiHkTfLu7ppj
civic-buildings	session_01Drzx3yPNKFUVAZAZu6ngnE
film-studio	session_014HyxqCPGSiSwHvU9qF9NLY
farmers-market	session_016c8wAHJJtgQ7VhZZD1xiL8
olvera	session_01XFycCGWhUHEwyCKwPpTYHU
chinatown	session_01XqGmd488xD3WtaxQA2SAxM
cemetery	session_01NR9LWF3c2CnSPt9VYKdV7z
star-boulevard	session_01N19mdCnNXDV2Zs3k3BkkUc
fashion-district	session_0122DfAQWutsuNeYD69QCzm6
walk-in-store	session_01Xdu1hq2JzeqpocjNpwuie4
garage-drive-in	session_01KVwShRSnzxpeHWBSgjEVuG
metro-underground	session_014AxTao9nPNrsFD5uTTD7TN
footbridges	session_01Srsk1hrV81kEhCdoWXB4y8
ocean-traffic	session_01VtpPg52YhZNEXNhto5D5od
offshore-island	session_01P2Loax8kvVR6CDqHSiP1VD
oil-islands	session_01DhcEW4bMSpjvEixQaNaVQc
lighthouses	session_01QS1oH4TyHsuu9zdQWoRein
sea-life	session_01FKKQHujpZRwpJxcRqceZbF
coast-highway	session_01TJF9XQGcifNjt6nujKjA3q
speedboats	session_017wA9JDXbhAY3yWXnpFh27T
bonfires	session_01FV26tH8EpV7yiwvN9tLGyW
beach-amenities	session_01WAZrvX7PmX7FwnkuJMthqX
refinery	session_016jvisUMHyLCpRyeCKKWZ9C
power-plant	session_01KM2db5z5hieJbeVqaZAUYL
rock-outcrops	session_016wXsy9SAx6Xb78dScxqaEC
arroyos	session_01U4d8B6yFZGEEkWAygi3vnY
wildlife	session_01RXNM7miDd98s8phfxdaW6o
crowd-lookat	session_01XmAmHdQVAZyaLUkyLsg7T9
foot-ik	session_01HkJssPcj351Q9xc1dCCkEf
garments-2	session_012vbkuL3ZJUSJv5K11Aud7D
onlookers	session_01WB6ELk2Sx3abtsndGaNRgh
car-panic	session_01TJXNE8KxXkGyfSks7NzaCT
buskers	session_01Y5aLPk5GLeJgmjUgUNVN99
valets	session_014M7QTn1w7W2ahzxRxrLQWx
news-crews	session_017XvHu1hE1xzWJ3TwubbVsY
ragdolls	session_01W88srL6sxVAQ7NPkmmzQvf
rain-crowd	session_016q2mWw45aVmq6aQU2uCro4
motorcycles	session_017eqew7PUep9GAesBtnfmJQ
heli-flyable	session_01DD7PyGJCL1fJoetABNoTXY
lowriders	session_015ZTPa1HdJyJeST95E41Wy3
car-cabins	session_01WPBzpmbWW81kGNhJYBv5Uo
engine-audio	session_01PDWFGV9Rjd4Kqio2RscVYR
stunt-ramps	session_01TVbcWZwc3RiqnuCpGXVzkm
prop-destruction	session_011yTb39yvQS39LAwGJaTuHC
wingsuit	session_01PwixG3tbeziYbkbHo5m4bi
swimming	session_01EV5rtvibt6dzQ964Q5FswK
car-radio	session_012AzFnEa6UmZ55iAzDyAN3E
film-shoot	session_01QJpaaKRkvdF5g1Q1k7qNca
yard-sales	session_01WsPTRb3v9j7ARySA44GKzJ
backyards	session_014Uv7taAnP36A6wut5NPjVv
freeway-incidents	session_01Uy7U3DX1RVDJX8xK2DeAf1
parklets	session_01Kut8cXcijCVVrDKp5ReBBH
nightlife	session_01VU7KHoCSPrRAv3YhRTjDdN
fireworks	session_018684QtAaLTSnED5jvGCLSA
sky-ads	session_018L5yviW2p2knCx8UsJdtWg
tower-gondolas	session_01EyszFZJJ2b6o1RS6Js4qBD
skate-park	session_013ZMdmXcDL3DijTMpX9DaTD
settings-menu	session_01J11xHScwn1PKr775BVAMBZ
